rgn_id,year,value
1,2013,0.12223564982414246
2,2013,0.1828331439290196
3,2013,0.04425714369863272
4,2013,0.19102043504826727
5,2013,0.07112246681936085
6,2013,0.19187597986310723
7,2013,0.0017376792617142202
8,2013,0.06358839496970177
